"META-описание";"Главное изображение";"Характеристика 1";"Значение 1";"Характеристика 2";"Значение 2";"Короткое описание";"Полное описание";"Вопрос 1";"Ответ 1";"Вопрос 2";"Ответ 2"
"LS-3 предлагает профессиональные услуги по резке металлов любой сложности на оборудовании с ЧПУ. Точная, быстрая и качественная резка металлов по чертежам и на заказ. Недорогие цены и возможность доставки по всей Украине. Закажите прямо сейчас!";"/images/ls-3rezka-metallovrizannya-metalivmetallorezka-uslugi-po-rezke-metalla-.jpg";"Состав";"Услуга по резке металлов включает работу на оборудовании с ЧПУ, что обеспечивает высокую точность и качество резки. Мы предлагаем резку металлов любой сложности, в том числе по индивидуальным чертежам клиента.";"Способ применения";"Для заказа услуги по резке металлов необходимо предоставить чертежи или описание изделия. Мы проводим быструю и качественную резку металлов, готовы выполнить заказы любого объема. Возможна доставка готовой продукции.";"Услуги по резке металла от компании LS-3. Мы предлагаем профессиональную резку металлов любой сложности на оборудовании с ЧПУ. Наши услуги включают резку металлов по чертежам, быструю и точную резку, а также доставку готовой продукции. Гарантируем высокое качество и доступные цены.";"<h2>Услуги по резке металлов LS-3</h2> <p>Предлагаем услуги по резке металлов LS-3. Мы выполняем работу любой сложности, от простых операций до выполнения сложных чертежей. Наша компания обладает современным оборудованием с ЧПУ, что позволяет достигать высокой точности резки и сохранять качество металла.</p> <h3>Преимущества наших услуг</h3> <p><strong>Профессионализм:</strong> наши специалисты имеют большой опыт работы и могут выполнить резку металлов любой сложности.</p> <p><strong>Точность:</strong> благодаря использованию оборудования с ЧПУ, мы гарантируем высокую точность резки.</p> <p><strong>Скорость:</strong> наша команда способна выполнить работу в кратчайшие сроки без потери качества.</p> <p><strong>Качество:</strong> мы гарантируем высокое качество резки металлов, сохраняя их свойства и характеристики.</p> <p><strong>Цена:</strong> мы предлагаем свои услуги по доступным ценам, не теряя при этом качества.</p> <p><strong>Доставка:</strong> после выполнения работы, мы осуществляем доставку заказа до указанного вами адреса.</p> <h3>Как заказать услугу?</h3> <p>Для заказа услуги по резке металлов LS-3, пожалуйста, свяжитесь с нами по номеру 98323585 или оставьте заявку на нашем сайте <a href=https://tehnum.dp.ua/p1432952506-rezka-metallov.html>https://tehnum.dp.ua/p1432952506-rezka-metallov.html</a>. Мы оперативно обработаем ваш запрос и приступим к работе.</p> <p>Мы ценим каждого клиента и гарантируем индивидуальный подход. Доверьте резку металлов профессионалам!</p>";"Что включает в себя услуга резка металлов на оборудовании с ЧПУ?";"Услуга резка металлов на оборудовании с ЧПУ включает в себя процесс резки металлов на специализированном оборудовании с использованием числового программного управления. Это позволяет достичь высокой точности резки, минимизировать количество отходов и сократить время на выполнение работы. Все работы выполняются строго по предоставленным клиентом чертежам или эскизам.";"Каковы преимущества вашей услуги по резке металлов?";"Наши преимущества заключаются в следующем: мы предлагаем услуги резки металлов любой сложности, обеспечиваем высокую точность резки благодаря использованию оборудования с ЧПУ, гарантируем быстрое выполнение заказа, качество работы и приемлемые цены. Кроме того, мы предоставляем услугу доставки готовой продукции до клиента. Мы всегда готовы проконсультировать вас и помочь с выбором оптимального варианта резки для вашего проекта."
"Уличные перила LS-2 для лестницы на крыльце из нержавеющей стали AISI 304. Поручень Ø50 мм, стойка Ø42 мм, 2 ригеля Ø16 мм. Надежность, долговечность и эстетика. Полный комплекс услуг от изготовления до монтажа.";"/images/ls-2perila-ulichnie-vozle-lestnitsi-na-kriltse-aisi-304-poruchen-ø50-mm.jpg";"Состав";"Перила изготовлены из нержавеющей стали AISI 304, что обеспечивает их долговечность и стойкость к коррозии. Поручень имеет диаметр 50 мм, стойка - 42 мм, а также включает в себя 2 ригеля диаметром 16 мм каждый. ";"Способ применения";"Перила предназначены для установки на улице, вблизи лестницы или на крыльце. Они обеспечивают безопасность при подъеме или спуске по лестнице, а также служат эстетическим элементом оформления экстерьера. Установка перил возможна на любом типе поверхности.";"<h2><strong>LS-2: Уличные перила для крыльца из нержавеющей стали AISI 304</strong></h2> <p>Это <em>надежные</em> и <em>прочные</em> перила, идеально подходящие для установки у лестницы на крыльце. Они изготовлены из качественной нержавеющей стали AISI 304, которая обеспечивает долгий срок службы и устойчивость к коррозии. Диаметр поручня составляет 50 мм, что обеспечивает удобный хват и большую безопасность. Стойка имеет диаметр 42 мм, а также в комплект входят 2 ригеля диаметром 16 мм каждый.</p> <p>Если у вас возникнут вопросы или вы хотите сделать заказ, <em>свяжитесь с нами</em> - мы обязательно поможем вам с выбором и примем решение о доставке.</p> <img src=https://images.prom.ua/3554332655_perila-ulichnye-vozle.jpg alt=Уличные перила для крыльца LS-2>";"<h2>Выбор надежных перил из нержавеющей стали</h2> <p>Перила уличные, размещенные возле лестницы на крыльце, являются неотъемлемой деталью любого здания. Их главная функция - обеспечивать безопасность и удобство при движении по лестнице. Но кроме этого, перила также играют важную роль в оформлении экстерьера здания.</p> <h3>Почему стоит выбрать перила из нержавеющей стали?</h3> <p>Перила из нержавеющей стали AISI 304 - это стандартный выбор для уличных лестниц. Они обладают высокой коррозионной стойкостью, что особенно важно для уличных конструкций. Поручень диаметром 50 мм, стойка диаметром 42 мм и 2 ригеля диаметром 16 мм - это оптимальные размеры для комфортного и безопасного использования.</p> <h3>Дополнительные преимущества</h3> <p><strong>Нержавеющая сталь</strong> не требует дополнительного ухода и сохранит свой внешний вид на протяжении многих лет. Кроме того, такие перила легко устанавливать и демонтировать при необходимости.</p> <p>Выбирая перила из нержавеющей стали, вы выбираете надежность, долговечность и стиль. Они станут отличным дополнением к любому зданию и збережуть свой первоначальный вид даже при интенсивной эксплуатации.</p>";"Из какого материала сделаны перила LS-2 и какие у них размеры?";"Перила LS-2 изготовлены из нержавеющей стали AISI 304, что обеспечивает их прочность и долговечность. Размеры перил следующие: диаметр поручня составляет 50 мм, стойка - 42 мм, а также предусмотрены 2 ригеля диаметром 16 мм каждый. Это делает их устойчивыми и надежными в использовании.";"Подходят ли эти перила для установки на улице, возле лестницы на крыльце?";"Да, эти перила идеально подходят для установки на улице, возле лестницы на крыльце. Они изготовлены из нержавеющей стали, что делает их устойчивыми к воздействию погодных условий. К тому же, в комплекте идет стойка со специальными фиксаторами на центральный анкер, что обеспечивает надежную фиксацию перил. Таким образом, эти перила будут служить вам долго и надежно, обеспечивая безопасность на вашем крыльце."
"";"/images/ls-1kolonni-iz-nerzhaveyushej-stalikoloni-z-nerzhaviyuchoї-stalinerzhaveyushaya-.jpg";"Состав";"Нержавеющая сталь";"Способ применения";"Колонны из нержавеющей стали используются в строительстве в качестве опорных структур. Они обладают высокой прочностью и устойчивостью к коррозии, что обеспечивает их долговечность. Используются также в архитектуре для создания уникального дизайна зданий и сооружений.";"<h2><strong>Колонны из нержавеющей стали LS-1</strong></h2> <p>Эти колонны из нержавеющей стали - идеальное решение для строительства и архитектуры. Благодаря своей прочности и устойчивости к коррозии, они обеспечивают долговечность и надежность конструкции. В зависимости от ваших потребностей, колонны могут быть круглыми или квадратными, с размерами до 3000 мм.</p> <p>Вид обработки стали можно выбрать дополнительно, в зависимости от ваших предпочтений и требований к дизайну. Колонны покрываются антикоррозийным слоем, что обеспечивает их стойкость к воздействию внешней среды и огню.</p> <p><em>Преимущество использования колонн из нержавеющей стали заключается в том, что они не требуют последующего ухода и служат десятилетиями. Они эстетично смотрятся как самостоятельный элемент дизайна, так и в составе стальных конструкций, например, опорных каркасов или перил. </em></p> <p>Установка колонн не составит труда, и наша команда приедет оформить все необходимые работы.</p> <p><strong>Выбирайте колонны из нержавеющей стали LS-1 для создания оригинальных и прочных конструкций!</strong></p>";"<h2>LS-1: Нержавеющие стальные колонны</h2> <p>Представляем вашему вниманию LS-1 - колонны, облицованные листами нержавеющей стали. Это уникальный строительный материал, который сочетает в себе прочность, долговечность и эстетику. Благодаря использованию нержавеющей стали, колонны обладают высокой устойчивостью к коррозии, что гарантирует их долгий срок службы.</p> <h3>Преимущества стальных колонн</h3> <p>Одно из главных преимуществ колонн из нержавеющей стали - их прочность. Это делает их идеальным решением для строительства зданий и сооружений, где требуется высокая нагрузка на опорные конструкции. Кроме того, благодаря внешнему покрытию из нержавеющей стали, колонны выглядят стильно и современно, что позволяет использовать их не только в промышленном, но и в гражданском строительстве.</p> <h3>Применение колонн LS-1</h3> <p>Колонны LS-1 из нержавеющей стали могут быть использованы в различных областях. Они идеально подходят для строительства многоэтажных зданий, мостов, эстакад и других сооружений. Благодаря своей прочности и устойчивости к внешним воздействиям, они также могут быть использованы в условиях агрессивной среды, например, в промышленных районах или на побережье.</p> <h3>Заказать колонны LS-1</h3> <p>Вы можете заказать колонны LS-1 из нержавеющей стали на нашем сайте legosteel.kiev.ua. Мы предлагаем высокое качество продукции и быструю доставку. Стройте надежно и стильно с помощью наших стальных колонн!</p>";"Что такое колонны LS-1 из нержавеющей стали?";"Колонны LS-1 из нержавеющей стали - это конструкционные элементы, используемые в строительстве для создания прочного и долговечного каркаса здания. Они изготовлены из высококачественной нержавеющей стали, что обеспечивает им устойчивость к коррозии и продлевает срок их службы. Листы нержавеющей стали, которыми обшиты колонны, не требуют дополнительной внешней обработки или окрашивания, и сохраняют свой безупречный вид на протяжении десятилетий. Это универсальное решение, подходящее для любого типа строительства.";"Каковы преимущества использования колонн из нержавеющей стали LS-1?";"Преимущества использования колонн из нержавеющей стали LS-1 многочисленны. Во-первых, благодаря использованию нержавеющей стали, эти колонны обладают высокой устойчивостью к коррозии, что делает их идеальным выбором для использования в условиях повышенной влажности или агрессивной среды. Во-вторых, они обладают высокой прочностью и долговечностью, что обеспечивает надежность и долгий срок службы конструкции. Наконец, листы нержавеющей стали, которыми обшиты колонны, не требуют дополнительной внешней обработки или окрашивания, что облегчает их уход и сохраняет эстетический вид на протяжении долгого времени."
"Познакомьтесь с нашим ассортиментом товаров, включая подробные характеристики, цены, фотографии и описания. Мы предлагаем товары от ведущих производителей по доступным ценам с возможностью оптовой покупки. Проверьте наличие и сроки поставки на нашем сайте.";"";"Состав";"Значение_Состава";"Способ применения";"Значение_Способа_применения";"Это <strong>универсальная карточка товара</strong>, содержащая всю необходимую информацию о товаре. Включает в себя код товара, название позиции, поисковые запросы, описание, тип товара, цену, валюту, единицу измерения, минимальный объем заказа, оптовую цену, ссылку на изображение, информацию о наличии, количество, номер и название группы, адрес подраздела, возможность и срок поставки, способ упаковки, уникальный идентификатор, идентификатор товара, подраздела и группы, производителя, страну производителя, скидку, ID группы разновидностей, личные заметки, продукт на сайте, срок действия скидки, цену от, ярлык, HTML заголовок и описание, подарки, сопутствующие товары, ID подарков и сопутствующих, код маркировки, номер устройства, вес, ширину, высоту, длину, местонахождение товара и характеристики товара. Она идеально подходит для <em>эффективного представления товара</em> на онлайн-площадках.";"<h2>Общая информация о товаре</h2> <p>Наш товар, <strong>Название_позиции</strong>, известен также под украинским названием <em>Название_позиции_укр</em>. Вы можете найти его на нашем сайте, используя поисковые запросы <strong>Поисковые_запросы</strong> или <em>Поисковые_запросы_укр</em>. Уникальный идентификатор товара - <strong>Уникальный_идентификатор</strong>.</p> <h2>Описание и характеристики</h2> <p>Описание - это подробное описание товара, которое поможет вам узнать о нем больше. Также доступно описание на украинском языке - Описание_укр. Товар относится к типу Тип_товара. Производитель товара - Производитель, страна производитель - Страна_производитель.</p> <h3>Размеры и вес</h3> <p>Вес товара составляет Вес,кг, его ширина - Ширина,см, высота - Высота,см, а длина - Длина,см.</p> <h2>Цены и условия покупки</h2> <p>Цена товара составляет Цена Валюта. Минимальный объем заказа - Минимальный_объем_заказа Единица_измерения. Также доступна оптовая цена Оптовая_цена при минимальном заказе опт Минимальный_заказ_опт.</p> <h3>Скидки и акции</h3> <p>На данный товар действует скидка Скидка, которая будет активна с Срок_действия_скидки_от до Срок_действия_скидки_до.</p> <h2>Доставка и наличие</h2> <p>Товар в наличии, его количество - Количество. Возможность поставки - Возможность_поставки, срок поставки - Срок_поставки. Товар упаковывается способом Способ_упаковки (Способ_упаковки_укр на украинском).</p> <h3>Местонахождение товара</h3> <p>Товар находится по адресу Где_находится_товар.</p> <p>Мы надеемся, что наш товар вам понравится! Для более подробной информации вы можете посетить страницу товара на нашем сайте Продукт_на_сайте.</p>";"Что входит в описание товара?";"Описание товара включает в себя подробную информацию о продукте, его особенностях и преимуществах. Это может включать в себя спецификации, такие как размер, вес и материалы, а также детали о производителе и стране производства. Также в описании может быть указана информация о минимальном объеме заказа, оптовой цене и сроке поставки. Все эти детали помогают покупателям принять обоснованное решение о покупке.";"Каков минимальный объем заказа для этого товара?";"Минимальный объем заказа для каждого товара устанавливается индивидуально и указывается в соответствующем поле описания товара. Это количество единиц товара, которое необходимо заказать минимум для выполнения заказа. Если вы не видите эту информацию в описании, пожалуйста, свяжитесь с продавцом для уточнения."
"LS-4 - перила с 2-мя ригелями для многоэтажных жилых зданий из нержавеющей стали AISI 304. Поручень Ø50 мм, стойка Ø42 мм, 2 ригеля Ø16 мм. Надежность, долговечность и эстетическая привлекательность. Стоимость включает изготовление и монтаж.";"/images/ls-4perila-s-2-mya-rigelyami-dlya-mnogoetazhnix-zhilix-zdanij-aisi-304-poru.jpg";"Состав";"Перила из нержавеющей стали AISI 304, состоящие из поручня диаметром 50 мм, стойки диаметром 42 мм и двух ригелей диаметром 16 мм каждый.";"Способ применения";"Перила предназначены для установки в многоэтажных жилых зданиях. Они обеспечивают безопасность и комфорт при передвижении по лестнице.";"<h2><strong>Надежные перила с 2-мя ригелями для многоэтажных жилых зданий</strong></h2> <p>Эти перила изготовлены из нержавеющей стали AISI 304, что делает их устойчивыми к коррозии и обеспечивает долгий срок службы. Поручень имеет диаметр 50 мм, что обеспечивает удобный и надежный хват. Стойка имеет диаметр 42 мм, обеспечивая оптимальную прочность конструкции. В комплекте идут 2 ригеля диаметром 16 мм каждый.</p> <p>Монтаж перил возможен как внутри, так и снаружи здания. Благодаря стандартному дизайну, они легко вписываются в любой интерьер и не требуют специального ухода, кроме регулярного удаления мусора.</p> <p>Закажите перила прямо сейчас и получите бесплатную доставку до вашего дома!</p> <img src=https://images.prom.ua/3562306874_perila-s-2-mya.jpg alt=Перила с 2-мя ригелями> <img src=https://images.prom.ua/3178395893_perila-s-2-mya.jpg alt=Перила с 2-мя ригелями>";"<h2>Надежные и качественные перила для многоэтажных зданий</h2> <p>Представляем вашему вниманию перила модели LS-4, разработанные специально для многоэтажных жилых зданий. Изготовленные из нержавеющей стали AISI 304, они обеспечивают высокую прочность и долговечность, что особенно важно при интенсивной эксплуатации.</p> <h3>Удобство и безопасность</h3> <p>Перила оснащены двумя ригелями диаметром 16 мм, что обеспечивает дополнительную стабильность и безопасность при подъеме или спуске по лестнице. Поручень диаметром 50 мм идеально ложится в руку, обеспечивая зручну опору. Стойка диаметром 42 мм гарантирует надежность и устойчивость конструкции.</p> <h3>Стоимость и сервис</h3> <p>Мы предлагаем перила LS-4 по конкурентной вартість, при этом гарантируем высокое качество изделия и профессионализм службы поддержки. Дополнительно доступны опции по установке и обслуживанию перил.</p> <h2>Нержавеющая сталь - выбор на века</h2> <p><strong>Перила из нержавеющей стали</strong> не только обладают высокой прочностью и долговечностью, но и выглядят стильно и современно. Это идеальное решение для многоэтажных жилых зданий, где важна каждая деталь интерьера.</p>";"Каковы основные характеристики этих перил?";"Эти перила, модель LS-4, предназначены для установки в многоэтажных жилых зданиях. Они изготовлены из нержавеющей стали AISI 304, которая обеспечивает высокую стойкость к коррозии. Поручень имеет диаметр 50 мм, что обеспечивает комфортное и надежное сцепление. Стойка перил имеет диаметр 42 мм, а два ригеля - 16 мм каждый. Все элементы проходят дополнительную обработку, повышающую антикоррозийную стойкость поверхности.";"Подходят ли эти перила для установки на улице?";"Да, эти перила подходят для установки как внутри зданий, так и на улице. Они изготовлены из нержавеющей стали AISI 304, которая обладает высокой стойкостью к воздействию внешней среды, включая влажность и перепады температур. Благодаря дополнительной обработке, повышающей антикоррозийную стойкость поверхности, эти перила сохраняют свой внешний вид и функциональные свойства на протяжении долгого времени."
"Перила LS-5 для лестниц и крыльца из нержавеющей стали AISI 304 обеспечивают безопасность и комфорт при передвижении. Качественные материалы и надежная конструкция гарантируют долгий срок службы. Поручень Ø50 мм, стойка Ø42 мм, 2 ригеля Ø16 мм.";"/images/ls-5perila-metall-dlya-lestnits-i-kriltsa-vnutri-pomeshenij-aisi-304-poru.jpg";"Состав";"Нержавеющая сталь";"Способ применения";"Монтаж на лестницы и крыльца";"<h2><strong>Надежные перила из нержавеющей стали AISI 304</strong></h2> <p>Перила LS-5 - это безупречное сочетание качества и стиля. Изготовленные из нержавеющей стали AISI 304, они рассчитаны на долгий срок службы и отлично подходят для внутренних помещений. Поручень диаметром 50 мм, стойка 42 мм и два ригеля 16 мм обеспечивают устойчивость и безопасность при передвижении по лестнице. Детали конструкции проходят тщательную обработку, что облегчает уборку и сохраняет первоначальный цвет стали. Мастер приедет для монтажа перил, а также ответит на все ваши вопросы и поможет задать правильное направление ступенек. Стоимость учитывает использование двух ригелей и составляет 3240 единиц. Все элементы конструкции изготавливаются с учетом ваших пожеланий, поэтому каждая лестница с нашими перилами - это шедевр, созданный специально для вас.</p>";"<h2>Устойчивые перила из нержавеющей стали для лестниц и крылец</h2> <p>Перила LS-5 - это надежное ограждение для лестниц и крылец, изготовленное из высококачественной нержавеющей стали AISI 304. Они идеально подходят для использования внутри помещений с высокой посещаемостью, так как они обладают высокой устойчивостью к износу и коррозии.</p> <h3>Особенности конструкции</h3> <p>Конструкция перил LS-5 включает в себя поручень диаметром 50 мм и стойку диаметром 42 мм. Дополнительную прочность конструкции обеспечивают 2 ригеля диаметром 16 мм каждый. Такая конструкция делает перила LS-5 оптимальными для обеспечения безопасности на лестницах и крыльцах.</p> <h3>Преимущества перил LS-5</h3> <p>Перила LS-5 проходят все необходимые этапы обработки и контроля качества в процессе изготовления, что гарантирует их надежность и долговечность. Благодаря использованию нержавеющей стали AISI 304, они не подвержены коррозии и сохранят свой внешний вид на протяжении долгого времени.</p> <p>Установка перил LS-5 не требует сложного монтажа, что значительно сокращает как время установки, так и стоимость работ. Это делает их не только надежным, но и экономически выгодным решением для ограждения лестниц и крылец.</p> <strong>Выбор перил LS-5 - это выбор надежности, удобства и стиля!</strong>";"Из какого материала сделаны эти перила?";"Перила LS-5 сделаны из нержавеющей стали AISI 304, что обеспечивает их высокую прочность и долговечность. Это материал, который не подвержен коррозии и сохраняет свой внешний вид на протяжении долгого времени. Поручень имеет диаметр 50 мм, стойка - 42 мм, а также предусмотрены 2 ригеля диаметром 16 мм каждый.";"Можно ли использовать эти перила на улице?";"Данные перила LS-5 предназначены для использования внутри помещений. Они идеально подойдут для установки на лестнице или крыльце внутри здания. Нержавеющая сталь AISI 304 хорошо себя зарекомендовала в условиях внутренних помещений, но при использовании на улице она может подвергаться коррозии, особенно в условиях высокой влажности или агрессивной среды."
"";"/images/ls-6perila-bezrigelnie-iz-nerzhaveyushej-stali-dlya-parkov-i-zon-otdixape.jpg";"Состав";"Нержавеющая сталь";"Способ применения";"Установка в парках, зонах отдыха или корпоративных проектах для обеспечения безопасности и архитектурного оформления";"<h2><strong>Перила безригельные из нержавеющей стали для парков и зон отдыха</strong></h2> <p>Компания LS-6 предлагает высококачественные перила без ригелей, изготовленные из нержавеющей стали стандарта aisi 38. Это отличное оформление для лестниц и других объектов в парках и зонах отдыха. Благодаря такому материалу, как нержавеющая сталь, перила обладают высокой устойчивостью к коррозии.</p> <p>Перила состоящие из стандартных элементов, подчеркнут стиль любого объекта. Наш замерщик приедет на объект для точного замера и расчета стоимости установки перил. Мы предлагаем лояльные цены и готовы к долгосрочному сотрудничеству.</p> <p><em>LS-6 - это не просто перила, это элемент безопасности и антикоррозийное оформление Вашего пространства!</em></p>";"<h2>Производство безригельных перил из нержавеющей стали в Украине</h2> <p>Перила без ригелей, изготовленные из нержавеющей стали, представляют собой идеальное решение для парков, зон отдыха и корпоративных проектов. Производимые компанией ЛегоСталь, эти перила обеспечивают безопасность и долговечность, благодаря своей устойчивости к коррозии. Это уличное оборудование является отличным дополнением к городской мебели и архитектурному оформлению, добавляя эстетическую привлекательность в уличное пространство и ландшафтный дизайн общественных пространств.</p> <h2>Дизайн и функциональность</h2> <p>Безригельные перила обеспечивают безопасность без ущерба для визуального пространства. Они идеально подходят для использования на ступенях, так как они фиксируются непосредственно к ступеням, создавая прочную и безопасную опору. Изготовленные из нержавеющей стали, они обладают высокой устойчивостью к коррозии, что делает их идеальным выбором для уличных применений.</p> <h3><em>Преимущества использования безригельных перил из нержавеющей стали</em></h3> <p>Основными преимуществами использования безригельных перил из нержавеющей стали являются их долговечность, безопасность и устойчивость к коррозии. Они также легко устанавливаются и поддерживаются, что делает их идеальным решением для любого уличного пространства.</p> <h3><strong>Применение в корпоративных проектах</strong></h3> <p>Безригельные перила из нержавеющей стали от ЛегоСталь идеально подходят для корпоративных проектов. Они добавляют современный и профессиональный вид любому пространству, будь то офисное здание, ресторан или отель.</p>";"Каковы преимущества использования безригельных перил из нержавеющей стали LS-6 для парков и зон отдыха?";"Безригельные перила из нержавеющей стали LS-6 представляют собой отличное решение для парков и зон отдыха. Во-первых, они обеспечивают безопасность, что является ключевым фактором для любого общественного пространства. Во-вторых, они обладают высокой долговечностью и устойчивостью к коррозии, что делает их идеальным выбором для уличного оборудования. Кроме того, их современный и стильный дизайн способствует эстетическому улучшению любого городского пространства или парка.";"Возможно ли использовать эти перила для корпоративных проектов?";"Да, безригельные перила из нержавеющей стали LS-6 отлично подходят для корпоративных проектов. Их современный и элегантный вид придает профессиональный облик любому бизнес-пространству. К тому же, благодаря своей устойчивости к коррозии и долговечности, они являются надежным и долгосрочным решением. Более того, установка таких перил способствует созданию безопасной среды, что особенно важно для корпоративных зданий и офисов."
"Одноуровневые поручни LS-7 из нержавеющей стали от компании ЛегоСталь. Прочные, устойчивые к коррозии, идеальны для дома и офиса. Современный дизайн, безопасность и удобство. Установка поручней. Бесплатная консультация и расчет стоимости.";"/images/ls-7poruchni-odnourovnevie-iz-nerzhaveyushej-stali-dlya-lestnitsporuchni-odno.jpg";"Состав";"Нержавеющая сталь";"Способ применения";"Установка на лестнице для обеспечения безопасности и комфорта при передвижении";"<p><strong>Одноуровневые поручни LS-7</strong> от компании ЛегоСталь представляют собой уникальные архитектурные конструкции из нержавеющей стали. Идеально подходят для установки на лестницах в домах, офисах, медицинских центрах и амбулаториях. Рассчитанные на надежность и долговечность при эксплуатации в условиях высокой влажности и агрессивных сред, они устойчивы к коррозии и не требуют специального ухода.</p> <p>Поручни <em>LS-7</em> выполнены из гладкой нержавеющей стали, что обеспечивает безопасность и комфорт при использовании. Они стильно смотрятся в любом интерьере и способны удовлетворить самые изысканные вкусы наших покупателей.</p> <p>В ЛегоСталь мы стремимся предложить нашим клиентам продукты высокого качества. Наша работа направлена на то, чтобы каждый наш клиент остался доволен и получил продукт, который будет служить ему на протяжении многих лет.</p> <p>Подробнее о наших продуктах и услугах можно узнать на нашем сайте <a href=https://legosteel.kiev.ua>legosteel.kiev.ua</a> или по телефону 133001. Мы всегда рады общению с нашими клиентами и готовы ответить на все ваши вопросы.</p>";"<h2>Одноуровневые поручни из нержавеющей стали LS-7</h2> <p>Представляем вашему вниманию одноуровневые поручни модели LS-7 от компании ЛегоСталь. Изготовленные из высококачественной нержавеющей стали, эти поручни обеспечивают максимальную безопасность и комфорт при использовании лестниц в домашних и офисных условиях.</p> <h3>Дизайн и качество</h3> <p>Современный дизайн наших поручней впишется в любой интерьер, подчеркивая его стиль и элегантность. При производстве поручней мы обращаем особое внимание на детали, что гарантирует их прочность и долговечность. Благодаря использованию нержавеющей стали, поручни устойчивы к коррозии и готовы к долгосрочной эксплуатации.</p> <h3>Установка и эксплуатация</h3> <p>Установка поручней не вызовет сложностей даже в условиях ограниченных размеров. Поручни LS-7 оборудованы горизонтальными элементами, что обеспечивает их устойчивость и надежность. Размеры поручней (в мм) соответствуют стандартам, что обеспечивает их универсальность и возможность установки на лестницах различных конструкций.</p> <p>Доверяя выбор поручней компании ЛегоСталь, вы выбираете безопасность, комфорт и стиль. Мы ценим долгосрочное сотрудничество и всегда рады предложить вам лучшие решения для вашего дома или офиса.</p>";"Какова высота этих поручней для лестницы?";"Высота поручней одноуровневых из нержавеющей стали для лестниц LS-7 не должна превышать 1,3 метра. Это стандартное значение, которое обеспечивает комфортное использование лестницы большинством людей. Однако, при необходимости, мы можем изменить высоту поручней в соответствии с индивидуальными требованиями клиента.";"Подходят ли эти поручни для установки как в доме, так и в офисе?";"Да, поручни одноуровневые из нержавеющей стали для лестниц LS-7 отлично подходят для установки как в доме, так и в офисе. Они обладают современным дизайном, который гармонично впишется в любой интерьер. Кроме того, они изготовлены из нержавеющей стали, что делает их прочными и устойчивыми к коррозии. Такие поручни обеспечат безопасность на лестнице и прослужат долгое время без потери внешнего вида и функциональности."
"Надежные и стильные перила из нержавеющей стали с профильной трубой от LS-10. Идеально подходят для лестниц и лестничных площадок. Качество и сроки выполнения гарантированы. Узнайте больше и обсудите детали вашего проекта с нами!";"/images/ls-10perila-iz-profilnoj-kvadratnoj-ili-kvadratnoj---dlya-lestnits-i-le.jpg";"Состав";"Перила из нержавеющей стали, профильная труба, квадратная труба, прямоугольная труба";"Способ применения";"Установка на лестницы и лестничные площадки в качестве ограждения";"<h1><strong>Перила из нержавеющей стали LS-10</strong></h1> <p>Высококачественные перила из нержавеющей стали с антикоррозийным покрытием. Изготовлены из профильной прямоугольной или квадратной трубы, идеально подходят для установки на коммерческих и внутренних лестницах и лестничных площадках. Благодаря своим параметрам, они не только украшают пространство, но и обеспечивают безопасность. <em>Главное преимущество</em> - повышенная устойчивость к коррозии, благодаря которой они не требуют специального ухода и не подвержены разрушению. Для заказа свяжитесь с нашей командой прямо сейчас!</p> <a href='https://prom.ua/perila-i-poruchni'><img src='https://images.prom.ua/3562316325_perila-iz-profilnoj.jpg' alt='Перила из нержавеющей стали LS-10'></a>";"<h2>Профессиональные перила из нержавеющей стали LS-10</h2> <p>Представляем вам перила из нержавеющей стали LS-10, изготовленные из профильной квадратной или прямоугольной трубы. Эта продукция идеально подходит для установки на лестницах и лестничных площадках, обеспечивая безопасность и комфорт при перемещении.</p> <h2>Качественные материалы и производство</h2> <p>Наши перила изготавливаются из нержавеющей стали высокого качества. Профильная труба имеет толщину стенки 38 мм, что обеспечивает высокую прочность и долговечность изделий. В процессе производства используются современные технологии и оборудование, что позволяет получать изделия идеальной геометрии и высокого качества.</p> <h3><strong>Преимущества наших перил</strong></h3> <p>Перила из нержавеющей стали LS-10 имеют ряд преимуществ. Они устойчивы к коррозии и атмосферным воздействиям, что позволяет их использовать как внутри помещений, так и на улице. Кроме того, они легко моются и не требуют сложного ухода. Благодаря своему современному дизайну, перила из нержавеющей стали прекрасно вписываются в любой интерьер и придают помещению элегантный вид.</p> <h2>Условия доставки и установки</h2> <p>Мы предлагаем удобные условия доставки и установки перил. Также возможен самовывоз из нашего склада. Все работы по установке перил проводятся нашими квалифицированными специалистами в строго оговоренные сроки. Мы гарантируем высокое качество наших услуг и своевременное выполнение заказа.</p>";"Из какого материала изготовлены эти перила?";"Перила изготовлены из нержавеющей стали, которая обеспечивает высокую прочность и долговечность изделия. Этот материал не подвержен коррозии, что особенно важно для установки на улице или в местах с высокой влажностью.";"Где можно установить эти перила?";"Перила из профильной трубы подойдут для установки практически в любом месте. Они идеально вписываются в интерьеры частных домов, гостиниц, кафе и ресторанов, деловых или развлекательных центров, медицинских учреждений. Благодаря своему современному и стильному дизайну, они смогут украсить любое помещение, придав ему особый шарм и элегантность."
"Обеспечьте безопасность и комфорт в вашем бассейне с помощью стильных и долговечных поручней LS-9 от LegoSteel. Изготовлены из устойчивой к коррозии нержавеющей стали, эти поручни идеально подойдут для любого бассейна. Качество и надежность гарантированы.";"/images/ls-9poruchni-dlya-bassejnov-iz-nerzhaveyushej-staliporuchni-dlya-basejniv-z-n.jpg";"Состав";"100% нержавеющая сталь";"Способ применения";"Установка на краю бассейна для обеспечения безопасности и удобства";"<p>Поручни для бассейнов LS-9 от компании ЛегоСталь - это высококачественные и стильные аксессуары, изготовленные из нержавеющей стали. Они устойчивы к коррозии и обладают долговечностью в эксплуатации. Прочные и гладкие ригели обеспечивают безопасность и удобство при использовании бассейна. Разнообразие цветов позволит выбрать поручни, которые идеально впишутся в дизайн любого бассейна. Стоимость составляет 3200. При необходимости, можем учесть дополнительные заданные параметры и предложить индивидуальное решение. Доверяя нашей компании, вы получаете гарантию качества и многолетнюю работу без дефектов. Свяжитесь с нами и мы бесплатно рассчитаем стоимость для вашего региона и приступим к выполнению заказа в кратчайшие сроки.</p>";"<h2>Поручни для бассейнов LS-9 из нержавеющей стали</h2> <p><strong>LS-9</strong> - это стильные и долговечные поручни для бассейнов, изготовленные из высококачественной нержавеющей стали. Это незаменимый аксессуар для любого бассейна, который обеспечивает безопасность и комфорт при входе и выходе из воды.</p> <h3>Особенности поручней LS-9</h3> <p>Поручни LS-9 изготовлены из <em>нержавеющей стали</em>, что делает их устойчивыми к коррозии и обеспечивает долгий срок службы. Благодаря своему стильному дизайну, эти поручни не только функциональны, но и вносят эстетический элемент в общий вид вашего бассейна.</p> <h3>Преимущества использования поручней LS-9</h3> <p>Использование поручней LS-9 дает ряд преимуществ. Во-первых, они обеспечивают безопасность при входе и выходе из бассейна, предотвращая скольжение и падения. Во-вторых, поручни LS-9 изготовлены из нержавеющей стали, что обеспечивает их устойчивость к коррозии, даже при постоянном контакте с водой. Наконец, эти поручни легко устанавливаются и не требуют дополнительного обслуживания.</p> <h3>Компания LegoSteel - гарантия качества</h3> <p>При выборе поручней LS-9 от компании LegoSteel, вы получаете продукт высочайшего качества, который соответствует всем необходимым стандартам безопасности. Компания LegoSteel известна своими мельчайшими деталями и вниманием к деталям, что гарантирует идеальное качество каждого изделия. Кроме того, мы предлагаем специальный сервис без дополнительных наценок, который поможет вам заполнить ваш бассейн всеми необходимыми аксессуарами.</p>";"Подходят ли эти поручни для установки на улице?";"Да, поручни для бассейнов LS-9 из нержавеющей стали отлично подходят для установки как внутри помещений, так и на улице. Благодаря использованию нержавеющей стали, они устойчивы к коррозии и способны выдерживать различные погодные условия, сохраняя свой первоначальный вид и функциональность на протяжении долгого времени.";"Можно ли заказать поручни под определенные размеры бассейна?";"Компания ЛегоСталь предлагает услуги по индивидуальному проектированию и изготовлению поручней для бассейнов. Наша команда специалистов сможет разработать и изготовить поручни, идеально подходящие под размеры и дизайн вашего бассейна. Мы учитываем все требования и пожелания клиента, чтобы обеспечить максимальную безопасность и комфорт при использовании бассейна."
"";"/images/ls-11pristennie-dvojnie-poruchni-iz-nerzhaveyushej-stali-na-stojkaxpristin.jpg";"Состав";"Нержавеющая сталь";"Способ применения";"Пристенные двойные поручни устанавливаются на стойки, которые крепятся к стене. Используются для обеспечения безопасности и удобства передвижения, особенно для людей с ограниченными возможностями.";"<p><strong>LS-11</strong> - это двойные пристенные поручни, выполненные из нержавеющей стали. Они устанавливаются на стойках, что делает их устойчивыми и надежной опорой для людей с ограниченными возможностями, детей и пожилых людей. Изделия отличаются высоким качеством и проработанным дизайном, поэтому они могут быть использованы на различных объектах: в больницах, реабилитационных центрах или как элемент прибудинковой ограды.</p> <p>Пристенные поручни <em>ЛегоСталь</em> - это практичное и надежное решение, которое не только обеспечивает безопасность, но и придает пространству современный вид. Менеджеры компании всегда готовы предоставить подробную информацию о продукции и помочь с расчетами необходимого количества поручней в зависимости от поставленной задачи.</p> <p>Все изделия доступны для заказа на сайте <em>legosteel.kiev.ua</em> или по телефону <strong>1288719007</strong>.</p>";"<h2>LS-11: Пристенные двойные поручни из нержавеющей стали на стойках</h2> <h3>Общее описание</h3> <p>Представляем вашему вниманию <strong>LS-11</strong> - пристенные двойные поручни из качественной нержавеющей стали, установленные на стойках. Это идеальное решение для обеспечения безопасности и комфорта при передвижении по лестницам или склонам. Благодаря двойной конструкции, поручни подходят как для взрослых, так и для детей.</p> <h3>Качество и удобство использования</h3> <p>Поручни LS-11 изготовлены из нержавеющей стали, что обеспечивает их прочность и долговечность. Благодаря использованию данного материала, поручни не подвержены коррозии, что особенно важно при их установке на улице. Также стоит отметить, что наши поручни имеют гладкую поверхность, что обеспечивает комфортное и безопасное использование.</p> <p>Установка поручней осуществляется на стойках, что обеспечивает их надежность и стабильность. Мы предлагаем широкий выбор крепежных элементов, что позволяет установить поручни на любую поверхность.</p> <h3>Сервис и поддержка</h3> <p>При покупке поручней LS-11 мы предлагаем бесплатную доставку по указанному адресу. Также наши специалисты готовы помочь с установкой и ответить на все ваши вопросы. В случае возникновения проблемы с товаром, мы гарантируем оперативную замену или ремонт.</p> <p>Заказывайте пристенные двойные поручни LS-11 и обеспечьте себе и своим близким комфорт и безопасность!</p>";"Какой материал используется для изготовления этих поручней?";"Эти пристенные двойные поручни изготовлены из нержавеющей стали. Это обеспечивает их долговечность, устойчивость к коррозии и легкость в уходе. Такой материал идеально подходит для использования в различных условиях, включая влажные помещения.";"Как установить эти поручни?";"Установка этих поручней производится на стойках, которые крепятся к стене. Это обеспечивает их надежность и безопасность использования. В комплекте с поручнями идут все необходимые крепежные элементы, а также подробная инструкция по установке. Однако, если у вас нет опыта в такого рода работах, рекомендуется обратиться к профессионалам."
"LS-12 - ограждение в зажимном алюминиевом профиле со стеклом. Идеальное решение для балконов, террас и других открытых пространств. Сочетание стекла и алюминиевого профиля обеспечивает прочность, легкость и эстетичность конструкции. Варианты стекла: матированное, устойчивое к огню и морозу, взрывобезопасное.";"/images/ls-12ograzhdenie-v-zazhimnom-alyuminievom-profile-so-steklomogorozhu-v-zat.jpg";"<p>Ограждение LS-12 представляет собой стильное и современное решение для вашего пространства. Оно выполнено в зажимном алюминиевом профиле и дополнено стеклянными элементами. Такое ограждение отлично вписывается в любой интерьер, не утяжеляя его, и создает ощущение простора. Благодаря использованию качественного алюминиевого профиля и закаленного или многослойного стекла, ограждение обладает высокой устойчивостью к негативным внешним факторам и значительным нагрузкам. <strong>Основой</strong> конструкции служит металлический каркас с <em>металлик</em> блеском, который выглядит дорого и роскошно. Доступны варианты с матированным стеклом. Все материалы, используемые в производстве, стойкие к огню, морозу и взрывобезопасные. Ограждение LS-12 - это отличное решение, которое сочетает в себе эстетику и функциональность.</p>";"<h2><strong>Описание товара: Ограждение в зажимном алюминиевом профиле со стеклом LS-12</strong></h2> <p>Ограждение LS-12 представляет собой уникальное сочетание прочности и эстетики. Оно выполнено из зажимного алюминиевого профиля и стекла, что делает его отличным решением для оформления балконов, террас и других открытых пространств. Стеклянные ограждения не утяжеляют пространство, а благодаря своей прозрачности создают ощущение воздушности и легкости. Несмотря на свою элегантность, такие ограждения отлично противостоят воздействию негативных внешних факторов и способны выдерживать значительные нагрузки.</p> <h2><strong>Варианты ограждений из стекла</strong></h2> <p>В ассортименте представлены различные варианты стеклянных ограждений, в том числе с использованием специального устойчивого к огню и морозу, а также взрывобезопасного стекла. Кроме того, доступны ограждения с матированным или тонированным стеклом. Каждый из этих вариантов имеет свои преимущества и может быть выбран в зависимости от ваших предпочтений и условий использования.</p> <h3><strong>Дизайн и качество материалов</strong></h3> <p>Ограждение LS-12 выглядит по-настоящему роскошно благодаря сочетанию стеклянных элементов и блестящего металлического каркаса из нержавеющей стали. Наша команда тщательно подходит к выбору материалов, чтобы обеспечить долговечность и безопасность конструкции. Мы используем только качественное стекло и алюминиевый профиль, что гарантирует высокую прочность ограждения и его устойчивость к различным внешним воздействиям.</p> <p>Ограждение в зажимном алюминиевом профиле со стеклом LS-12 - это не только функциональный элемент защиты, но и стильное дополнение к интерьеру или экстерьеру вашего дома или офиса. Выбирайте качество и эстетику вместе с нами!</p>";"Какие виды стекла используются в ограждении LS-12?";"В ограждении LS-12 используется устойчивое к огню и морозу, а также взрывобезопасное стекло. Оно может быть представлено в двух вариациях: матированным и прозрачным. Такое стекло отлично противостоит воздействию негативных внешних факторов и значительным нагрузкам, что позволяет использовать его в оформлении балконов, террас и других открытых пространств.";"Где можно использовать ограждение LS-12?";"Ограждение LS-12 идеально подходит для использования как внутри зданий, так и за их пределами. Благодаря своей конструкции, оно не утяжеляет пространство, придавая ему легкость и воздушность. Оно прекрасно смотрится на балконах, террасах и других открытых пространствах. Благодаря сочетанию стеклянных элементов и блеска алюминиевого профиля, ограждение выглядит дорого и роскошно."
"";"/images/ls-13perila-s-vertikalnim-rigelem-i-dvojnim-poruchnem-dlya-shkol-i-gimna.jpg";"Состав";"Металл, покрытие - порошковая краска";"Способ применения";"Монтаж на стену или пол. Вертикальные ригели обеспечивают устойчивость и безопасность, двойной поручень удобен для детей разного возраста";"<p>Перила LS-13 с вертикальным ригелем и двойным поручнем - отличное решение для школ и гимназий. Прочные и надежные, они обеспечивают безопасность детей и подростков. Вертикальные элементы делают конструкцию более устойчивой, а двойной поручень позволяет использовать перила детям разного возраста. <strong>Перила отлично вписываются в интерьер любого образовательного учреждения</strong>, обеспечивая комфорт и безопасность его посетителей.</p>";"<h2>LS-13: Перила с вертикальным ригелем и двойным поручнем для школ и гимназий</h2> <p>Наша новая модель перил LS-13 представляет собой идеальное решение для обеспечения безопасности в школах и гимназиях. Сочетая в себе функциональность и дизайн, эти перила идеально подходят для использования в образовательных учреждениях.</p> <h3>Особенности дизайна</h3> <p>Перила LS-13 отличаются вертикальным ригелем и двойным поручнем, что обеспечивает дополнительную стабильность и удобство использования. Вертикальный ригель увеличивает прочность конструкции, а двойной поручень позволяет удерживаться за перила с разной высоты, что особенно удобно для детей разного возраста.</p> <h3>Безопасность прежде всего</h3> <p>С помощью этих перил можно значительно снизить риск падения и травматизма, особенно в местах с большим скоплением людей, таких как школы и гимназии. Поручни выполнены из прочных материалов и имеют нескользящую поверхность, что обеспечивает надежное и уверенное схватывание.</p> <h3>Универсальность и удобство</h3> <p><strong>Перила LS-13</strong> не только обеспечивают безопасность, но и способствуют созданию комфортной обстановки благодаря своему изящному и современному дизайну. Они идеально подходят для школ, гимназий и других образовательных учреждений, а также могут быть использованы в спортивных залах и на игровых площадках.</p>";"Какое назначение у этих перил?";"Эти перила предназначены для обеспечения безопасности в школах и гимназиях. Они могут быть установлены на лестницах, балконах или других местах, где есть риск падения. Двойной поручень обеспечивает дополнительную поддержку, особенно для маленьких детей, которые могут иметь трудности с балансом.";"Из чего состоят эти перила?";"Эти перила состоят из вертикального ригеля и двойного поручня. Внутреннее пространство может быть заполнено вертикальными или горизонтальными элементами, такими как балясины, или загартованным стеклом или триплексом. Это обеспечивает прочность и устойчивость конструкции, а также делает ее визуально привлекательной."
"Поручень настенный П-образный размером 600х600 мм с диаметром трубы 25 мм. Изготовлен из нержавеющей стали с антикоррозийным покрытием. Удобен и безопасен для людей с ограниченными возможностями. Производство - Украина, бренд - ЛегоСталь.";"/images/ls-15poruchen-nastennij-p-obraznij-razmer-600x600-mm-d-trubi-25-mmporu.jpg";"Состав";"Нержавеющая сталь";"Способ применения";"Установка на стену";"Представляем вашему вниманию <strong>П-образный настенный поручень</strong> от компании ЛегоСталь. Изготовлен из нержавеющей стали с антикоррозийным покрытием. Размеры составляют 600х600 мм, диаметр трубы - 25 мм. Поручень обладает удобной формой и безопасен для использования. Идеально подходит для людей с ограниченными возможностями. Устанавливается на стену. Цвет - хром. Производство - Украина.";"<h2>Поручень настенный П-образный LS-15 от ЛегоСталь</h2> <p>Представляем вашему вниманию <strong>П-образный настенный поручень LS-15</strong> от компании ЛегоСталь - надежное и удобное оборудование для людей с ограниченными возможностями. Изготовленный из нержавеющей стали, поручень обладает высокой прочностью и долговечностью, обеспечивая безопасность и комфорт при использовании.</p> <h3>Особенности П-образного настенного поручня LS-15</h3> <p>Поручень имеет П-образную форму и размеры 600х600 мм, что позволяет удобно и безопасно перемещаться по пространству. Диаметр трубы составляет 25 мм - идеальный размер для удобного и надежного захвата рукой. Поверхность поручня покрыта антикоррозийным слоем, что гарантирует его долговечность и сохранность внешнего вида даже при длительном использовании.</p> <p>Цвет поручня - хром, благодаря чему он легко вписывается в любой интерьер и не выделяется на общем фоне. Поручень крепится непосредственно к стене, что обеспечивает его надежность и стабильность.</p> <h3>Преимущества П-образного настенного поручня LS-15</h3> <p><em>П-образный настенный поручень LS-15</em> - это не только функциональное, но и стильное решение для обустройства пространства для людей с ограниченными возможностями. Он обеспечивает безопасность перемещения и удобство использования, а также привносит в интерьер современный и аккуратный вид.</p> <p>Выбирая <strong>П-образный настенный поручень LS-15</strong>, вы выбираете качество, надежность и комфорт!</p>";"Какой материал используется в производстве этого поручня?";"Поручень настенный П-образный изготовлен из нержавеющей стали. Этот материал характеризуется высокой прочностью и долговечностью, он не подвержен коррозии и обладает антибактериальными свойствами. Такой поручень будет служить долгое время, сохраняя свои первоначальные качества.";"Какой диаметр у трубы этого поручня?";"Диаметр трубы этого П-образного настенного поручня составляет 25 мм. Такой диаметр обеспечивает удобное и надежное удержание поручня в руке, что особенно важно для людей с ограниченными возможностями."
